{"cameraMode":{"drawMode":0,"name":"Shaded","section":"Shading Mode"},"sceneLighting":false,"audioPlay":false,"sceneViewState":{"showFog":true,"showMaterialUpdate":false,"showSkybox":false,"showFlares":true,"showImageEffects":true,"showParticleSystems":true},"in2DMode":false,"pivot":{"x":-134.69837951660157,"y":389.96875,"z":4.257282257080078},"rotation":{"x":0.6667871475219727,"y":-0.003353627398610115,"z":0.0030005471780896188,"w":0.7452349066734314},"size":16.01561737060547,"orthographic":true}