{"cameraMode":{"drawMode":0,"name":"Shaded","section":"Shading Mode"},"sceneLighting":false,"audioPlay":false,"sceneViewState":{"showFog":true,"showMaterialUpdate":false,"showSkybox":false,"showFlares":true,"showImageEffects":true,"showParticleSystems":true},"in2DMode":false,"pivot":{"x":1.156402587890625,"y":5.646484375,"z":8.140380859375},"rotation":{"x":0.7002981305122376,"y":-0.02460891753435135,"z":0.024169987067580224,"w":0.7130171060562134},"size":17.878704071044923,"orthographic":true}