{"cameraMode":{"drawMode":0,"name":"Shaded","section":"Shading Mode"},"sceneLighting":false,"audioPlay":false,"sceneViewState":{"showFog":true,"showMaterialUpdate":false,"showSkybox":false,"showFlares":true,"showImageEffects":true,"showParticleSystems":true},"in2DMode":false,"pivot":{"x":-75.84471130371094,"y":194.203125,"z":40.63282012939453},"rotation":{"x":0.6599995493888855,"y":0.010141025297343731,"z":-0.00891055166721344,"w":0.7511448264122009},"size":14.50430965423584,"orthographic":true}