{"cameraMode":{"drawMode":0,"name":"Shaded","section":"Shading Mode"},"sceneLighting":false,"audioPlay":false,"sceneViewState":{"showFog":true,"showMaterialUpdate":false,"showSkybox":false,"showFlares":true,"showImageEffects":true,"showParticleSystems":true},"in2DMode":false,"pivot":{"x":-19.92810821533203,"y":44.318359375,"z":-5.648193359375},"rotation":{"x":0.6599995493888855,"y":0.010141025297343731,"z":-0.00891055166721344,"w":0.7511448264122009},"size":12.539312362670899,"orthographic":true}