{"cameraMode":{"drawMode":0,"name":"Shaded","section":"Shading Mode"},"sceneLighting":false,"audioPlay":false,"sceneViewState":{"showFog":true,"showMaterialUpdate":false,"showSkybox":false,"showFlares":true,"showImageEffects":true,"showParticleSystems":true},"in2DMode":false,"pivot":{"x":-40.63456726074219,"y":43.42683792114258,"z":-3.739924430847168},"rotation":{"x":0.6599995493888855,"y":0.010141025297343731,"z":-0.00891055166721344,"w":0.7511448264122009},"size":21.1497859954834,"orthographic":true}