{"cameraMode":{"drawMode":0,"name":"Shaded","section":"Shading Mode"},"sceneLighting":false,"audioPlay":false,"sceneViewState":{"showFog":true,"showMaterialUpdate":false,"showSkybox":false,"showFlares":true,"showImageEffects":true,"showParticleSystems":true},"in2DMode":false,"pivot":{"x":6.813722610473633,"y":6.547489166259766,"z":7.670295715332031},"rotation":{"x":0.45932602882385256,"y":-0.20186062157154084,"z":0.10803289711475373,"w":0.8582559823989868},"size":26.06976318359375,"orthographic":false}