{"cameraMode":{"drawMode":0,"name":"Shaded","section":"Shading Mode"},"sceneLighting":false,"audioPlay":false,"sceneViewState":{"showFog":true,"showMaterialUpdate":false,"showSkybox":false,"showFlares":true,"showImageEffects":true,"showParticleSystems":true},"in2DMode":false,"pivot":{"x":-1.5751190185546876,"y":2.3037939071655275,"z":3.4108328819274904},"rotation":{"x":0.13141605257987977,"y":0.48003947734832766,"z":-0.07299201935529709,"w":0.8642715215682983},"size":5.461282730102539,"orthographic":false}