{"cameraMode":{"drawMode":0,"name":"Shaded","section":"Shading Mode"},"sceneLighting":false,"audioPlay":false,"sceneViewState":{"showFog":true,"showMaterialUpdate":false,"showSkybox":false,"showFlares":true,"showImageEffects":true,"showParticleSystems":true},"in2DMode":false,"pivot":{"x":-4.4300689697265629,"y":34.607421875,"z":-4.49462890625},"rotation":{"x":0.6382439136505127,"y":0.016162974759936334,"z":-0.013405058532953263,"w":0.7695478796958923},"size":14.394206047058106,"orthographic":true}