{"cameraMode":{"drawMode":0,"name":"Shaded","section":"Shading Mode"},"sceneLighting":false,"audioPlay":false,"sceneViewState":{"showFog":true,"showMaterialUpdate":false,"showSkybox":false,"showFlares":true,"showImageEffects":true,"showParticleSystems":true},"in2DMode":false,"pivot":{"x":-5.531166076660156,"y":6.34375,"z":14.64697265625},"rotation":{"x":0.6599995493888855,"y":0.010141025297343731,"z":-0.00891055166721344,"w":0.7511448264122009},"size":16.690797805786134,"orthographic":true}