{"cameraMode":{"drawMode":0,"name":"Shaded","section":"Shading Mode"},"sceneLighting":false,"audioPlay":false,"sceneViewState":{"showFog":true,"showMaterialUpdate":false,"showSkybox":false,"showFlares":true,"showImageEffects":true,"showParticleSystems":true},"in2DMode":false,"pivot":{"x":0.03185660392045975,"y":-0.1286604255437851,"z":0.6860547065734863},"rotation":{"x":0.1425212323665619,"y":0.07268017530441284,"z":-0.010494189336895943,"w":0.9870641827583313},"size":0.7775256037712097,"orthographic":false}