{"cameraMode":{"drawMode":0,"name":"Shaded","section":"Shading Mode"},"sceneLighting":false,"audioPlay":false,"sceneViewState":{"showFog":true,"showMaterialUpdate":false,"showSkybox":false,"showFlares":true,"showImageEffects":true,"showParticleSystems":true},"in2DMode":false,"pivot":{"x":-0.04497555270791054,"y":0.15059852600097657,"z":0.025413498282432557},"rotation":{"x":0.18547746539115907,"y":0.05891977250576019,"z":-0.011141999624669552,"w":0.9808176159858704},"size":2.2224743366241457,"orthographic":false}